username,password,name,age,weight,height,bmi,vo2max,pace,fatigue,recovery
dcarter,dcarter@123,Daniel Carter,24,74,180,22.8,54,4.5,16,85
lthompson,lthomp@22,Liam Thompson,22,68,175,22.2,51,4.7,17,83
kwhite,kwhite@99,Kyle White,26,79,183,23.6,56,4.4,14,87
jmartinez,jmart@88,Jordan Martinez,25,72,177,23.0,53,4.6,18,82
sanders9,sand9@22,Sarah Sanders,23,61,168,21.6,49,5.1,20,80
bjackson,bjack@45,Blake Jackson,28,81,185,23.7,58,4.3,12,88
tcoleman,tcole@18,Tyler Coleman,21,69,178,21.8,50,4.9,19,84
egrace,egrace@55,Emma Grace,24,59,165,21.7,48,5.2,21,79
jbrooks,jbrooks@12,Jack Brooks,23,73,179,22.8,52,4.8,15,86
hward,hward@31,Hannah Ward,25,58,163,21.8,47,5.3,22,78
mroberts,mrob@66,Mason Roberts,27,77,181,23.5,55,4.5,14,88
olane,olane@77,Olivia Lane,22,57,164,21.2,46,5.4,23,80
rking,rking@88,Ryan King,24,70,176,22.6,52,4.7,18,85
asimmons,asimm@99,Ava Simmons,21,60,167,21.5,49,5.2,19,81
jturner,jturner@11,James Turner,25,75,182,22.6,54,4.6,15,86
